{
  "generatedAt": "2026-06-05T13:27:12.091Z",
  "title": "Analyzing the Complexity of Request Routing Algorithms in Microservices Architecture",
  "author": "Muhammad Abd Al-Jawad Al-Attar",
  "universityId": "120250628",
  "phase4": {
    "theoreticalVsEmpirical": {
      "algorithms": {
        "roundRobin": {
          "name": "Round Robin",
          "timeComplexity": "O(1)",
          "spaceComplexity": "O(1)",
          "totalRequests": 6599,
          "errors": 42,
          "avgExecutionTimeMs": 5.622254281409213,
          "minExecutionTimeMs": 1.4036100003868341,
          "maxExecutionTimeMs": 37.524149999953806,
          "p50ExecutionTimeMs": 4.348766000010073,
          "p95ExecutionTimeMs": 11.092919999733567,
          "p99ExecutionTimeMs": 15.51350500062108,
          "recentSamples": 1000
        },
        "weightedLeastConnections": {
          "name": "Weighted Least Connections",
          "timeComplexity": "O(n)",
          "spaceComplexity": "O(n)",
          "totalRequests": 4843,
          "errors": 178,
          "avgExecutionTimeMs": 6.705007801571603,
          "minExecutionTimeMs": 1.7541419994086027,
          "maxExecutionTimeMs": 32.91919799987227,
          "p50ExecutionTimeMs": 5.430071000009775,
          "p95ExecutionTimeMs": 13.148106000386178,
          "p99ExecutionTimeMs": 16.84086100012064,
          "recentSamples": 1000
        },
        "hashBased": {
          "name": "Hash-Based Routing",
          "timeComplexity": "O(1)",
          "spaceComplexity": "O(n)",
          "totalRequests": 3992,
          "errors": 124,
          "avgExecutionTimeMs": 5.892359330673713,
          "minExecutionTimeMs": 1.512521999888122,
          "maxExecutionTimeMs": 42.91353300027549,
          "p50ExecutionTimeMs": 4.639320000074804,
          "p95ExecutionTimeMs": 13.058527999557555,
          "p99ExecutionTimeMs": 17.820575000718236,
          "recentSamples": 1000
        }
      },
      "system": {
        "uptime": 559,
        "serverPoolSize": 3,
        "virtualPoolSize": 993,
        "totalRequests": 15434,
        "nodeVersion": "v18.20.8",
        "memoryUsageMB": 50.35,
        "memoryRssMB": 202.59,
        "routingTableEstimateKB": 96.97,
        "cpuUsagePercent": 7.22,
        "cpuCores": 8,
        "responseLatency": {
          "samples": 1000,
          "minMs": 22.487711999565363,
          "medianMs": 2915.548041000031,
          "p95Ms": 5229.596346000209,
          "p99Ms": 5495.814973999746,
          "maxMs": 5639.669598000124
        },
        "workloadBreakdown": {
          "read": {
            "count": 11942,
            "medianMs": 2030.865554000251,
            "p95Ms": 4575.912882000208
          },
          "compute": {
            "count": 2988,
            "medianMs": 4989.699233000167,
            "p95Ms": 5813.253421000205
          },
          "mixed": {
            "count": 504,
            "medianMs": 2925.124250999652,
            "p95Ms": 5280.700353000313
          }
        },
        "httpCodes": {
          "success": 15090,
          "error": 344,
          "other": 0
        },
        "rpsHistory": [
          {
            "label": "T31",
            "rps": 123
          },
          {
            "label": "T31",
            "rps": 91
          },
          {
            "label": "T31",
            "rps": 84
          },
          {
            "label": "T31",
            "rps": 52
          },
          {
            "label": "T31",
            "rps": 87
          },
          {
            "label": "T31",
            "rps": 110
          },
          {
            "label": "T31",
            "rps": 32
          },
          {
            "label": "T31",
            "rps": 103
          },
          {
            "label": "T31",
            "rps": 111
          },
          {
            "label": "T31",
            "rps": 26
          },
          {
            "label": "T31",
            "rps": 94
          },
          {
            "label": "T31",
            "rps": 114
          },
          {
            "label": "T31",
            "rps": 110
          },
          {
            "label": "T31",
            "rps": 41
          },
          {
            "label": "T31",
            "rps": 109
          },
          {
            "label": "T31",
            "rps": 78
          },
          {
            "label": "T31",
            "rps": 93
          },
          {
            "label": "T31",
            "rps": 110
          },
          {
            "label": "T31",
            "rps": 85
          },
          {
            "label": "T31",
            "rps": 107
          },
          {
            "label": "T31",
            "rps": 59
          },
          {
            "label": "T31",
            "rps": 145
          },
          {
            "label": "T31",
            "rps": 153
          },
          {
            "label": "T31",
            "rps": 92
          },
          {
            "label": "T31",
            "rps": 156
          },
          {
            "label": "T31",
            "rps": 82
          },
          {
            "label": "T31",
            "rps": 174
          },
          {
            "label": "T31",
            "rps": 177
          },
          {
            "label": "T31",
            "rps": 98
          },
          {
            "label": "T31",
            "rps": 9
          }
        ]
      },
      "note": "Empirical metrics from live gateway; compare avgExecutionTimeMs with Big-O predictions."
    },
    "scalabilityBenchmark": {
      "virtualPoolSize": 1000,
      "iterations": 50,
      "physicalNodes": 3,
      "results": [
        {
          "algo": "round-robin",
          "virtualPoolSize": 1000,
          "iterations": 50,
          "timeComplexity": "O(1)",
          "avgMs": 3.56306068001315,
          "minMs": 2.27231299970299,
          "maxMs": 12.612584000453353,
          "p95Ms": 4.718243000097573,
          "p99Ms": 12.612584000453353
        },
        {
          "algo": "wlc",
          "virtualPoolSize": 1000,
          "iterations": 50,
          "timeComplexity": "O(n)",
          "avgMs": 3.6626994198933245,
          "minMs": 2.5150359999388456,
          "maxMs": 11.316961999982595,
          "p95Ms": 5.3250000001862645,
          "p99Ms": 11.316961999982595
        },
        {
          "algo": "hash",
          "virtualPoolSize": 1000,
          "iterations": 50,
          "timeComplexity": "O(1)",
          "avgMs": 3.438951839990914,
          "minMs": 2.32139699999243,
          "maxMs": 8.555093999952078,
          "p95Ms": 6.697757000103593,
          "p99Ms": 8.555093999952078
        }
      ],
      "interpretation": "WLC avgMs should grow with n; RR and Hash should stay near-constant."
    },
    "architecturalSimulation": {
      "parameters": {
        "n": 10000,
        "k": 5,
        "syncInterval": 200,
        "m": 1000,
        "hopLatency": 15,
        "algo": "wlc"
      },
      "centralizedTotalMs": 224.00000000000009,
      "decentralizedTotalMs": 17.310000000000002,
      "serviceMeshNote": "Decentralized Service Mesh scenario is a Queuing Network model (not a live Istio deployment)."
    },
    "artilleryStressTests": {
      "readHeavy": {
        "label": "read-heavy",
        "available": true,
        "requestsTotal": 3225,
        "throughputRps": 37,
        "latencyMs": {},
        "errors": 0,
        "httpCodes": {
          "http.codes.200": 3225
        }
      },
      "computeHeavy": {
        "label": "compute-heavy",
        "available": true,
        "requestsTotal": 1470,
        "throughputRps": 20,
        "latencyMs": {},
        "errors": 0,
        "httpCodes": {
          "http.codes.200": 1470
        }
      },
      "mixed": {
        "label": "mixed",
        "available": true,
        "requestsTotal": 5779,
        "throughputRps": 66,
        "latencyMs": {},
        "errors": 177,